{"param": 131351, "train_loss": [0.011041520439778322, 0.006431421799659191, 0.0035122975471875654, 0.002600219528638058, 0.0022497482579637543, 0.002097985158544837, 0.0020255205104492036, 0.0019958167839332097, 0.0019779399010279707, 0.0019702716849298247, 0.00196623756043335], "val_loss": [0.011936565069688172, 0.014268775737289892, 0.013880870604962216, 0.014849026478231523, 0.014511951494673861, 0.016179998857231096, 0.01640876289304231, 0.016314956660329578, 0.016485528591543085, 0.01661966355711013, 0.01655822731801263]}