{"param": 131351, "train_loss": [0.004807752500856205, 0.004542508997268163, 0.0041302435373606556, 0.0038485157970127365, 0.003670912344727088, 0.003601338389284723, 0.0035625749161702406, 0.003566741514378084, 0.00352640442522847, 0.003542651752856597, 0.0035282129734963814, 0.0035185051011628996, 0.0035152216143358537, 0.003492955554844197, 0.0034723053772125773, 0.0034951378604633327, 0.003506588997712428], "val_loss": [0.013048687549769511, 0.009980028417319885, 0.010317846219831495, 0.009034681701882619, 0.009076581914762016, 0.00882243852157245, 0.008618767620329492, 0.008778641011154775, 0.00879958846319937, 0.008863707525760134, 0.008838260186720959, 0.008814258552155962, 0.008818617317413669, 0.008812645310179335, 0.008813871978681932, 0.008813950838730022, 0.008813970022821138]}